Workbook
Name kpi_patient: 'Pivot Tables'!$B$5
Name Slicer_Department: #N/A
Name Slicer_Gender: #N/A
Name Slicer_Insurance_Coverage: #N/A
Name Slicer_Years__Admission_Date: #N/A

Sheet Hospital Patients
A1: Patient ID | B1: Patient Name | C1: Age | D1: Gender | E1: Admission Date | F1: Discharge Date | G1: Department | H1: Diagnosis | I1: Total Bill Amount | J1: Insurance Coverage % | K1: Payment Status | L1: Length of Stay (Days) | M1: Age Group
A2: PAT-3001 | B2: Thomas Martin | C2: 57 | D2: Male | E2: 45488 | F2: 45496 | G2: Cardiology | H2: Atrial Fibrillation | I2: 15359.41 | J2: 60 | K2: Paid | L2: =F2-E2 -> 8 | M2: =IF(C2<=17,"0–17",IF(C2<=34,"18–34",IF(C2<=49,"35–49",IF(C2<=64,"50–64","65+")))) -> 50–64
A3: PAT-3002 | B3: Betty Thompson | C3: 62 | D3: Female | E3: 45729 | F3: 45739 | G3: Cardiology | H3: Angina | I3: 21896.6 | J3: 80 | K3: Pending | L3: =F3-E3 -> 10 | M3: =IF(C3<=17,"0–17",IF(C3<=34,"18–34",IF(C3<=49,"35–49",IF(C3<=64,"50–64","65+")))) -> 50–64
A4: PAT-3003 | B4: Lisa Rodriguez | C4: 82 | D4: Female | E4: 45387 | F4: 45390 | G4: Emergency | H4: Abdominal Pain | I4: 6404.86 | J4: 0 | K4: Partially Paid | L4: =F4-E4 -> 3 | M4: =IF(C4<=17,"0–17",IF(C4<=34,"18–34",IF(C4<=49,"35–49",IF(C4<=64,"50–64","65+")))) -> 65+
A5: PAT-3004 | B5: Donna Jones | C5: 29 | D5: Female | E5: 45588 | F5: 45589 | G5: Emergency | H5: Concussion | I5: 1001.68 | J5: 90 | K5: Pending | L5: =F5-E5 -> 1 | M5: =IF(C5<=17,"0–17",IF(C5<=34,"18–34",IF(C5<=49,"35–49",IF(C5<=64,"50–64","65+")))) -> 18–34
A6: PAT-3005 | B6: Michael Walker | C6: 65 | D6: Male | E6: 45621 | F6: 45627 | G6: General | H6: Flu Complications | I6: 4022.42 | J6: 80 | K6: Pending | L6: =F6-E6 -> 6 | M6: =IF(C6<=17,"0–17",IF(C6<=34,"18–34",IF(C6<=49,"35–49",IF(C6<=64,"50–64","65+")))) -> 65+
A7: PAT-3006 | B7: Kenneth Lewis | C7: 53 | D7: Male | E7: 45494 | F7: 45501 | G7: General | H7: Diabetes Management | I7: 6621.96 | J7: 50 | K7: Partially Paid | L7: =F7-E7 -> 7 | M7: =IF(C7<=17,"0–17",IF(C7<=34,"18–34",IF(C7<=49,"35–49",IF(C7<=64,"50–64","65+")))) -> 50–64
A8: PAT-3007 | B8: Linda Smith | C8: 46 | D8: Female | E8: 45331 | F8: 45335 | G8: Cardiology | H8: Arrhythmia | I8: 7676.36 | J8: 70 | K8: Partially Paid | L8: =F8-E8 -> 4 | M8: =IF(C8<=17,"0–17",IF(C8<=34,"18–34",IF(C8<=49,"35–49",IF(C8<=64,"50–64","65+")))) -> 35–49
A9: PAT-3008 | B9: Susan Garcia | C9: 21 | D9: Female | E9: 45346 | F9: 45349 | G9: Emergency | H9: Severe Allergic Reaction | I9: 7381.69 | J9: 80 | K9: Pending | L9: =F9-E9 -> 3 | M9: =IF(C9<=17,"0–17",IF(C9<=34,"18–34",IF(C9<=49,"35–49",IF(C9<=64,"50–64","65+")))) -> 18–34
A10: PAT-3009 | B10: James Jones | C10: 62 | D10: Male | E10: 45607 | F10: 45613 | G10: General | H10: Anemia | I10: 5206.4 | J10: 80 | K10: Pending | L10: =F10-E10 -> 6 | M10: =IF(C10<=17,"0–17",IF(C10<=34,"18–34",IF(C10<=49,"35–49",IF(C10<=64,"50–64","65+")))) -> 50–64
A11: PAT-3010 | B11: Christopher Johnson | C11: 59 | D11: Male | E11: 45874 | F11: 45875 | G11: Emergency | H11: Severe Allergic Reaction | I11: 2498.98 | J11: 50 | K11: Pending | L11: =F11-E11 -> 1 | M11: =IF(C11<=17,"0–17",IF(C11<=34,"18–34",IF(C11<=49,"35–49",IF(C11<=64,"50–64","65+")))) -> 50–64
A12: PAT-3011 | B12: Daniel Thomas | C12: 7 | D12: Male | E12: 45967 | F12: 45969 | G12: Pediatrics | H12: RSV | I12: 2096.73 | J12: 70 | K12: Paid | L12: =F12-E12 -> 2 | M12: =IF(C12<=17,"0–17",IF(C12<=34,"18–34",IF(C12<=49,"35–49",IF(C12<=64,"50–64","65+")))) -> 0–17
A13: PAT-3012 | B13: Sandra Smith | C13: 85 | D13: Female | E13: 45719 | F13: 45724 | G13: General | H13: Dehydration | I13: 4619.61 | J13: 70 | K13: Pending | L13: =F13-E13 -> 5 | M13: =IF(C13<=17,"0–17",IF(C13<=34,"18–34",IF(C13<=49,"35–49",IF(C13<=64,"50–64","65+")))) -> 65+
... A1001: PAT-4000 | B1001: Jennifer Ramirez | C1001: 18 | D1001: Female | E1001: 45349 | F1001: 45353 | G1001: General | H1001: Gastritis | I1001: 2235.16 | J1001: 100 | K1001: Partially Paid | L1001: =F1001-E1001 -> 4 | M1001: =IF(C1001<=17,"0–17",IF(C1001<=34,"18–34",IF(C1001<=49,"35–49",IF(C1001<=64,"50–64","65+")))) -> 18–34

Sheet Pivot Tables
D3: KPIs
B4: Total Patient Visits | C4: Total Billed Amount | D4: Average Length of Stay | E4: Average Insurance Coverage | F4: Total Paid Amount | G4: Total Unique Patients
B5: =COUNTA('Hospital Patients'!A2:A1001) -> 1000 | C5: =SUM('Hospital Patients'!I2:I1001) -> 8053143.4 | D5: =AVERAGE('Hospital Patients'!L2:L1001) -> 4.809 | E5: =(AVERAGE('Hospital Patients'!J2:J1001))/100 -> 0.7486 | F5: =SUMIF(Table1[Payment Status],'Hospital Patients'!K2,Table1[Total Bill Amount]) -> 4568527.3 | G5: =COUNTA(_xlfn.UNIQUE(Table1[Patient Name])) -> 684
A7: Age groups by Patient ID
A8: Departments | B8: Count of Patient ID | D8: Average length of stay (Days) by Departments | G8: Payment Status by Patient ID
A9: 0–17 | B9: 153 | D9: Departments | E9: Average of Length of Stay (Days) | G9: Payment Status | H9: Count of Patient ID
A10: 18–34 | B10: 153 | D10: Cardiology | E10: 6.4868421 | G10: Paid | H10: 564
A11: 35–49 | B11: 216 | D11: Emergency | E11: 2.0263158 | G11: Partially Paid | H11: 179
A12: 50–64 | B12: 235 | D12: General | E12: 3.9285714 | G12: Pending | H12: 257
A13: 65+ | B13: 243 | D13: Neurology | E13: 6.9148936 | G13: Grand Total | H13: 1000
D14: Orthopedics | E14: 8.3836478
D15: Pediatrics | E15: 3.0392157
A18: Row Labels | B18: Average of Insurance Coverage % | C18: Count of Diagnosis
A19: Cardiology | B19: 76.315789 | C19: 152 | D19: Departments by Bill Amount
A20: Emergency | B20: 76.157895 | C20: 190 | D20: Departments | E20: Sum of Total Bill Amount | G20: Departments | H20: Sum of Total Bill Amount
A21: General | B21: 73.888889 | C21: 252 | D21: Cardiology | E21: 2095438 | G21: 2024 | H21: 4132465.4
A22: Neurology | B22: 74.574468 | C22: 94 | D22: Emergency | E22: 622525.28 | G22: Qtr1 | H22: 843958.47
A23: Orthopedics | B23: 74.465409 | C23: 159 | D23: General | E23: 993026.92 | G23: Qtr2 | H23: 1071007.5
A24: Pediatrics | B24: 73.986928 | C24: 153 | D24: Neurology | E24: 1215303 | G24: Qtr3 | H24: 1082388.4
A25: Grand Total | B25: 74.86 | C25: 1000 | D25: Orthopedics | E25: 2553862.3 | G25: Qtr4 | H25: 1135111
D26: Pediatrics | E26: 572987.96 | G26: 2025 | H26: 3920678.1
G27: Qtr1 | H27: 979664.57
G28: Qtr2 | H28: 883087.34
G29: Qtr3 | H29: 936742.03
G30: Qtr4 | H30: 1121184.1
D31: Departments by Patient ID
D32: Departments | E32: Count of Patient ID
D33: Cardiology | E33: 152
D34: Emergency | E34: 190 | G34: Payment Status | H34: Count of Patient ID
D35: General | E35: 252 | G35: Female | H35: 512
D36: Neurology | E36: 94 | G36: Male | H36: 488
D37: Orthopedics | E37: 159
D38: Pediatrics | E38: 153

Sheet Dashboard
